<?xml version="1.0" encoding="UTF-8" standalone="yes"?>
<addon id="repository.Dependencias" name="[COLOR red]Dependencias Kodi[/COLOR] Canal Nereo" version="1.0.2" provider-name="Canal Nereo Suscribete a mi canal de youtube">
    <extension point="xbmc.addon.repository" name="Canal Nereo">
        <info>https://github.com/canalnereo/CanalNereoDependencias/blob/master/Repositorio/addons.xml</info>
        <checksum>https://raw.githubusercontent.com/canalnereo/CanalNereoDependencias/master/Repositorio/addons.xml.md5</checksum>
        <datadir zip="true">https://raw.githubusercontent.com/canalnereo/CanalNereoDependencias/master/Repositorio/</datadir>
    </extension>
    <extension point="xbmc.addon.metadata">
        <summary>Repositorio Dependencias</summary>
        <description></description>
        <disclaimer></disclaimer>
        <platform>all</platform>
    </extension>
</addon>
